label	repl
aboveboard	above board
afterbirth	after birth
afterburner	after burner
afterglow	after glow
afterimage	after image
afterlife	after life
aftermath	after math
afternoon	after noon
airbrush	air brush
aircraft	air craft
aircraft	air craft
airfield	air field
airlift	air lift
airline	air line
airliner	air liner
airmail	air mail
airman	air muhn
airmen	air muhn
airplane	air plane
airport	air port
airship	air ship
airtime	air time
allover	all over
allspice	all spice
alongside	along side
also	also
another	another
anybody	any body
anyhow	any how
anymore	any more
anyone	any one
anyplace	any place
anything	any thing
anytime	any time
anyway	any way
anywhere	any where
armchair	arm chair
armpit	arm pit
around	around
arrowhead	arrow head
ashtray	ash tray
authorship	author ship
babysitter	baby sitter
backache	back ache
backbite	back bite
backbone	back bone
backbreaker	back breaker
backdrop	back drop
backfield	back field
backfire	back fire
background	back ground
backhand	back hand
backlash	back lash
backlog	back log
backpack	back pack
backside	back side
backslap	back slap
backslide	back slide
backspace	back space
backspin	back spin
backstage	back stage
backstop	back stop
backstretch	back stretch
backstroke	back stroke
backtrack	back track
backward	back ward
ballpark	ball park
ballroom	ball room
bankbook	bank book
bankroll	bank roll
baseball	base ball
basketball	basket ball
beachcomber	beach comber
beachcomb	beach comb
became	became
because	because
become	become
bedbug	bed bug
bedclothes	bed clothes
bedrock	bed rock
bedroll	bed roll
bedroom	bed room
bellbottom	bell bottom
bellboy	bell boy
bellhop	bell hop
below	below
blackball	black ball
blackberries	black berries
blackbird	black bird
blackboard	black board
blackjack	black jack
blacklist	black list
blackmail	black mail
blackout	black out
blacksmith	black smith
blacktop	black top
bluebell	blue bell
blueberry	blue berry
bluebird	blue bird
bluefish	blue fish
bluegrass	blue grass
blueprint	blue print
boardwalk	board walk
bodyguard	body guard
bodywork	body work
boldface	bold face
bookbinder	book binder
bookcase	book case
bookend	book end
bookkeeper	book keeper
booklet	book let
bookmark	book mark
bookmobile	book mobile
bookseller	book seller
bookshelf	book shelf
bookstore	book store
bookworm	book worm
bootstrap	boot strap
bowtie	bow tie
brainchild	brain child
brainstorm	brain storm
brainwash	brain wash
bugspray	bug spray
buttercup	butter cup
butterfat	butter fat
butterfingers	butter fingers
butterflies	butter flies
buttermilk	butter milk
butternut	butter nut
butterscotch	butter scotch
bypass	by pass
cabdriver	cab driver
cancan	can can
candid	can did
candlelight	candle light
candlestick	candle stick
cannot	can not
cardboard	card board
cardsharp	card sharp
carefree	care free
caretaker	care taker
careworn	care worn
carfare	car fare
cargo	cargo
carhop	car hop
carload	car load
carpetbagger	carpet bagger
carpool	car pool
carport	car port
carryall	carry all
carsick	car sick
cartwheel	cart wheel
carwash	car wash
cattail	cat tail
caveman	cave man
cheeseburger	cheese burger
cheesecake	cheese cake
clockwise	clock wise
coffeemaker	coffee maker
comeback	come back
comedown	come down
commonplace	common place
commonwealth	common wealth
cornball	corn ball
cornmeal	corn meal
cornstalk	corn stalk
cottonmouth	cotton mouth
cottontail	cotton tail
cottonwood	cotton wood
countdown	count down
counterattack	counter attack
counterbalance	counter balance
counterclockwise	counter clockwise
counterintelligence	counter intelligence
countermeasure	counter measure
counteroffensive	counter offensive
counterpane	counter pane
counterpart	counter part
counterpoint	counter point
counterpoise	counter poise
courthouse	court house
courtroom	court room
courtyard	court yard
crewcut	crew cut
crossbow	cross bow
crossbreed	cross breed
crosscut	cross cut
crossover	cross over
crosstown	cross town
crosswalk	cross walk
crossword	cross word
dairymaid	dairy maid
daybed	day bed
daybreak	day break
daydream	day dream
daylight	day light
daytime	day time
deadline	dead line
dishcloth	dish cloth
dishpan	dish pan
dishwasher	dish washer
dishwater	dish water
diskdrive	disk drive
dogwood	dog wood
doorstop	door stop
downbeat	down beat
drawbridge	draw bridge
driveway	drive way
duckbill	duck bill
duckpin	duck pin
earache	ear ache
eardrop	ear drop
eardrum	ear drum
earring	ear ring
earthbound	earth bound
earthquake	earth quake
earthward	earth ward
earthworm	earth worm
egghead	egg head
eggshell	egg shell
elsewhere	else where
everything	every thing
eyeballs	eye balls
eyeglasses	eye glasses
eyelash	eye lash
eyelid	eye lid
eyesight	eye sight
eyewitness	eye witness
fatherland	father land
fatherless	father less
fire arm	fire arm
fire ball	fire ball
fire boat	fire boat
fire bomb	fire bomb
fire box	fire box
fire break	fire break
fire cracker	fire cracker
fire fighter	fire fighter
fire flies	fire flies
fire house	fire house
fire proof	fire proof
fire water	fire water
fire works	fire works
fishbowl	fish bowl
fisherman	fisher muhn
fisheye	fish eye
fishhook	fish hook
fishmonger	fish monger
fishnet	fish net
fishpond	fish pond
fishtail	fish tail
football	foot ball
foothill	foot hill
foothold	foot hold
footlights	foot lights
footlocker	foot locker
footnote	foot note
footpath	foot path
footprints	foot prints
footrest	foot rest
forbid	for bid
forearm	fore arm
forebear	fore bear
forecast	fore cast
foreclose	fore close
foreclosure	fore closure
forefather	fore father
forefinger	fore finger
forefront	fore front
forehand	fore hand
forehead	fore head
foreleg	fore leg
foreman	fore muhn
forerunner	fore runner
foresee	fore see
foresight	fore sight
forestland	forest land
forever	for ever
forget	for get
forgive	for give
forklift	for klift
format	for mat
fortnight	fort night
friendship	friend ship
fruitcup	fruit cup
gearshift	gear shift
glassmaking	glass making
goodbye	good bye
goodnight	good night
grandaunt	grand aunt
grandchild	grand child
grandchildren	grand children
granddaughter	grand daughter
grandfather	grand father
grandmaster	grand master
grandmother	grand mother
grandnephew	grand nephew
grandnieces	grand niece
grandparent	grand parent
grandson	grand son
grandstand	grand stand
granduncle	grand uncle
grasshopper	grasshopper
graveyard	grave yard
gumball	gum ball
haircut	hair cut
hamburger	ham burger
hammerhead	hammer head
hamstring	ham string
handball	hand ball
handbook	hand book
handcuff	hand cuff
handgun	hand gun
handmade	hand made
handout	hand out
headache	head ache
headdress	head dress
headhunter	head hunter
headlight	head light
headline	head line
headquarters	head quarters
hedgehop	hedge hop
heirloom	heir loom
hellcat	hell cat
hellhole	hell hole
helpmate	help mate
hemstitch	hem stitch
henceforth	hence forth
henchman	hench muhn
henpeck	hen peck
hereabout	here about
hereafter	here after
hereby	here by
herein	here in
hereof	here of
hereupon	here upon
herself	her self
highball	high ball
highchair	high chair
highland	high land
highway	high way
himself	him self
homemade	home made
hometown	home town
honeybee	honey bee
honeycomb	honey comb
honeydew	honey dew
honeymoon	honey moon
honeysuckle	honey suckle
hookup	hook up
hookworm	hook worm
horseback	horse back
horsefly	horse fly
horsehair	horse hair
horseplay	horse play
horsepower	horse power
horseshoe	horse shoe
houseboat	house boat
housecoat	house coat
household	house hold
housekeeper	house keeper
housetop	house top
housewife	house wife
housework	house work
however	how ever
ideal	ideal
inchworm	inch worm
income	in come
indoors	in doors
infold	in fold
infuse	in fuse
infusion	in fusion
inhale	in hale
inkblot	ink blot
inkwell	ink well
inland	in land
inmate	in mate
inpatient	in patient
inroad	in road
inset	in set
inside	in side
intake	in take
ironwork	iron work
itself	it self
jackpot	jack pot
jackson	jack son
jailbait	jail bait
jailbird	jail bird
jawbone	jaw bone
jawbreaker	jaw breaker
jaywalk	jay walk
jellybean	jelly bean
jellyfish	jelly fish
jerkwater	jerk water
jerrybuilt	jerry built
jetliner	jet liner
jetport	jet port
jigsaw	jig saw
jimsonweed	jimson weed
jitterbug	jitter bug
jobholder	job holder
johnnycake	johnny cake
jumpshot	jump shot
keepsake	keep sake
keyboard	key board
keyhole	key hole
keynote	key note
keypad	key pad
keypunch	key punch
keystone	key stone
keystroke	key stroke
keyway	key way
keyword	key word
landmark	land mark
landslide	land slide
landward	land ward
lapland	lap land
lapwing	lap wing
larkspur	lark spur
laughingstock	laughing stock
lawgiver	law giver
lawmaker	law maker
lawsuit	law suit
layman	lay muhn
layoff	lay off
layout	lay out
layover	lay over
leapfrog	leap frog
lifeblood	life blood
lifeboat	life boat
lifeguard	life guard
lifelike	life like
lifeline	life line
lifelong	life long
lifesaver	life saver
lifetime	life time
lifework	life work
limelight	lime light
limestone	lime stone
longhand	long hand
longhorn	long horn
longhouse	long house
lukewarm	luke warm
mainland	main land
mainline	main line
mainspring	main spring
mainstream	main stream
matchbox	match box
meadowland	meadow land
meantime	mean time
meanwhile	mean while
moonbeam	moon beam
moonlight	moon light
moonscape	moon scape
moonshine	moon shine
moonstone	moon stone
moonstruck	moon struck
moonwalk	moon walk
moreover	more over
mothball	moth ball
motherhood	mother hood
motorcycle	motor cycle
nearby	near by
nevermore	never more
newfound	new found
newsboy	news boy
newsbreak	news break
newscast	news cast
newscaster	news caster
newsdealer	news dealer
newsletter	news letter
newsman	news man
newsmen	news men
newspaper	news paper
newsprint	news print
newsreel	news reel
newsroom	news room
newsstand	news stand
newsworthy	news worthy
nightfall	night fall
nobody	no body
noisemaker	noise maker
northeast	north east
northwest	north west
notebook	note book
noteworthy	note worthy
nowhere	no where
nursemaid	nurse maid
nutcracker	nut cracker
oneself	one self
onetime	one time
overabundance	over abundance
overboard	over board
overcoat	over coat
overflow	over flow
overland	over land
overshoes	over shoes
pacemaker	pace maker
pancake	pan cake
parkway	park way
passbook	pass book
passkey	pass key
passover	pass over
passport	pass port
password	pass word
pasteboard	paste board
patchwork	patch work
pathfinder	path finder
pathway	path way
pawnbroker	pawn broker
pawnshop	pawn shop
paycheck	pay check
payload	pay load
paymaster	pay master
payoff	pay off
payroll	pay roll
peppermint	pepper mint
pickup	pick up
pinhole	pin hole
pinpoint	pin point
pinstripe	pin stripe
pinup	pin up
pinwheel	pin wheel
playback	play back
playboy	play boy
playground	play ground
playhouse	play house
playmate	play mate
playthings	play things
ponytail	pony tail
popcorn	pop corn
postcard	post card
racquetball	racquet ball
railroad	rail road
railway	rail way
rainbow	rain bow
raincheck	rain check
raincoat	rain coat
raindrop	rain drop
rainfall	rain fall
rainmaker	rain maker
rainstorm	rain storm
rainwater	rain water
ratline	rat line
rattlesnake	rattle snake
rattlesnake	rattle snake
rattletrap	rattle trap
rawboned	raw boned
rawhide	raw hide
rearmost	rear most
rearrange	re arrange
rearward	rear ward
redcap	red cap
redcoat	red coat
reddish	redish
redhead	red head
repairman	repair man
riverbanks	river banks
rubberband	rubber band
sailboat	sail boat
salesclerk	sales clerk
sandbox	sand box
sandlot	sand lot
sandstone	sand stone
saucepan	sauce pan
scapegoat	scape goat
scarecrow	scare crow
schoolbook	school book
schoolboy	school boy
schoolgirl	school girl
schoolbus	school bus
schoolhouse	school house
schoolroom	school room
schoolwork	school work
seashore	sea shore
setback	set back
setoff	set off
sharecropper	share cropper
sharpshooter	sharp shooter
sheepskin	sheep skin
shipbuilder	ship builder
shipload	ship load
shipwreck	ship wreck
shipyard	ship yard
shoelace	shoe lace
shoemaker	shoe maker
shopkeeper	shop keeper
shortbread	short bread
shortcake	short cake
shotgun	shot gun
showboat	show boat
showoff	show off
showplace	show place
showroom	show room
sideburns	side burns
sidecar	side car
sidekick	side kick
sideshow	side show
sidewalk	side walk
silversmith	silver smith
sisterhood	sister hood
sixfold	six fold
skateboard	skate board
skintight	skin tight
skylark	sky lark
skylight	sky light
skyscraper	sky scraper
slapstick	slap stick
slowdown	slow down
slumlord	slum lord
snakeskin	snake skin
snowball	snow ball
snowbank	snow bank
snowbird	snow bird
snowdrift	snow drift
snowshoe	snow shoe
snowstorm	snow storm
soapstone	soap stone
softball	soft ball
software	soft ware
somebody	some body
someday	some day
somehow	some how
someone	some one
someplace	some place
something	some thing
sometimes	some times
someway	some way
somewhat	some what
somewhere	some where
soundproof	sound proof
southeast	south east
southwest	south west
soybean	soy bean
spacesuit	space suit
spacewalk	space walk
spearmint	spear mint
speedboat	speed boat
spillway	spill way
spokesperson	spokes person
springtime	spring time
stagehand	stage hand
standby	stand by
standoff	stand off
standout	stand out
standpipe	stand pipe
standpoint	stand point
standstill	stand still
starfish	star fish
steamboat	steam boat
steamship	steam ship
stepson	step son
stickup	stick up
stockroom	stock room
stonewall	stone wall
stoplight	stop light
stopwatch	stop watch
storerooms	store rooms
streetcar	street car
stronghold	strong hold
subway	sub way
sunbaked	sun baked
sunbathe	sun bathe
sunday	sun day
sundial	sun dial
sundown	sun down
sunfish	sun fish
sunflower	sun flower
sunglasses	sung lasses
sunlit	sun lit
sunray	sun ray
sunroof	sun roof
suntan	sun tan
sunup	sun up
supercargo	super cargo
supercharge	super charge
supercool	super cool
superego	super ego
superfine	super fine
supergiant	super giant
superhero	super hero
superhighways	super highways
superhuman	super human
superimpose	super impose
superman	super man
supermarket	super market
supermen	super men
supernatural	super natural
superpower	super power
superscript	super script
supersensitive	super sensitive
supersonic	super sonic
superstar	super star
superstrong	super strong
superstructure	super structure
supertanker	super tanker
superweapon	super weapon
superwoman	super woman
sweetheart	sweet heart
sweetmeat	sweet meat
tablecloth	table cloth
tablespoon	table spoon
tabletop	table top
tableware	table ware
tadpole	tad pole
tagalong	tag along
tailbone	tail bone
tailcoat	tail coat
tailgate	tail gate
taillight	tail light
taillike	tail like
tailpiece	tail piece
tailspin	tail spin
takeoff	take off
takeout	take out
takeover	take over
talebearer	tale bearer
taleteller	tale teller
tapeworm	tape worm
taproom	tap room
taproot	tap root
target	tar get
taskmaster	task master
tattletale	tattle tale
taxicab	taxi cab
taxpayer	tax payer
teacup	tea cup
teammate	team mate
teamwork	team work
teapot	tea pot
teardrop	tear drop
teaspoon	tea spoon
teenager	teen ager
telltale	tell tale
tenderfoot	tender foot
tenderhearted	tender  hearted
tenderloin	tender loin
tenfold	ten fold
textbook	text book
themselves	thems elves
therefore	there fore
throwaway	throw away
throwback	throw back
thunderbird	thunder bird
thunderbolt	thunder bolt
thundershower	thunder shower
thunderstorm	thunder storm
timekeeper	time keeper
timepieces	time piece
timesaving	time saving
timeshare	time share
timetable	time table
today	today
together	together
toolbox	tool box
toothpaste	tooth paste
toothpick	tooth pick
touchdown	touch down
township	town ship
turnabout	turn about
turnaround	turn around
turnbuckle	turn buckle
turncoat	turn coat
turndown	turn down
turnkey	turn key
turnoff	turn off
turnover	turn over
turntable	turn table
typewriter	type writer
underachieve	under achieve
underact	under act
underage	under age
underarm	under arm
underbelly	under belly
underbid	under bid
undercharge	under charge
underclothes	under clothes
undercover	under cover
undercurrent	under current
undercut	under cut
underdevelop	under develop
underdog	under dog
underesimate	under esimate
underexpose	under expose
underfeed	under feed
underfinance	under finance
underfoot	under foot
underfur	under fur
undergarment	under garment
undergird	under gird
undergo	under go
undergraduate	under graduate
underground	under ground
undergrowth	under growth
underhand	under hand
underhanded	under handed
underlayer	under layer
underlie	under lie
upbeat	up beat
upbringing	up bringing
upcoming	up coming
update	up date
updraft	up draft
upend	up end
upgrade	up grade
upheaval	up heaval
upheld	up held
uphill	up hill
uphold	up hold
upkeep	up keep
upland	up land
uplift	up lift
uplink	up link
upload	up load
upmarket	up market
upon	upon
uppercase	upper case
upperclassman	upper class muhn
uppercut	upper cut
uppermost	upper most
upright	up right
uprising	up rising
upriver	up river
uproar	up roar
uproot	up root
upset	up set
upshot	up shot
upside	up side
upstage	up stage
upstairs	up stairs
upstanding	up standing
upstart	up start
upstate	up state
upstream	up stream
upsurge	up surge
upswing	up swing
uptake	up take
upthrust	up thrust
uptight	up tight
uptime	up time
uptown	up town
upturn	up turn
upward	up ward
upwind	up wind
waistband	waist band
waistcoat	waist coat
waistline	waist line
walkout	walk out
walkways	walk way
wallboard	wall board
walleyed	wall eye
wallflower	wall flower
wallpaper	wall paper
wanderlust	wander lust
wardroom	ward room
warehouse	ware house
warfare	war fare
warhead	war head
warlike	war like
warlord	war lord
warmblooded	warm blooded
warmhearted	warm hearted
warmonger	war monger
warpath	war path
warplanes	war planes
warship	war ship
wartime	war time
washboard	wash board
washbowl	wash bowl
washcloth	wash cloth
washout	wash out
washroom	wash room
washstand	wash stand
washtub	wash tub
wastebasket	waste basket
wasteland	waste land
wastepaper	waste paper
wastewater	waste water
watchband	watch band
watchcase	watch case
watchdog	watch dog
watchmaker	watch maker
watchman	watch muhn
watchtower	watch tower
watchword	watch word
watercolor	water color
watercooler	water cooler
watercraft	water craft
waterfall	water fall
waterfowl	water fowl
waterfront	water front
waterline	water line
waterlog	water log
watermark	water mark
watermelon	water melon
waterpower	water power
waterproof	water proof
waterscape	water scape
watershead	water shead
waterside	water side
waterspout	water spout
watertight	water tight
waterway	water way
waterwheel	water wheel
waterworks	water works
wavelength	wave length
wavelike	wave like
waxwork	wax work
waybill	way bill
wayfarer	way farer
waylaid	way laid
wayside	way side
wayward	way ward
weathercock	weather cock
weatherman	weather man
weatherproof	weather proof
weekday	week day
weekend	week end
weeknight	week night
whatever	what ever
whatsoever	what so ever
wheelbarrow	wheel barrow
wheelbase	wheel base
wheelchair	wheel chair
wheelhouse	wheel house
whitecap	white cap
whitefish	white fish
whitewall	white wall
whitewash	white wash
widespread	wide spread
wipeout	wipe out
without	with out
woodshop	wood shop
quicksand	quick sand
