label	count	usually
Abbey	0	
Abby	2	
Abigail	0	
Ada	7	
Adalyn	0	
Adalynn	0	
Addison	0	
Adelaide	207	
Adele	0	
Adeline	0	
Adelyn	0	
Adriana	0	
Adrianna	0	
Adrienne	0	
Agnes	76	
Aileen	0	
Aimee	13	
Ainsley	0	
Aisha	0	
Aix	0	
Alaina	0	
Alana	0	
Alanna	0	
Alayna	0	
Alberta	0	
Alejandra	0	
Alessandra	0	
Alexa	0	
Alexandra	0	
Alexandria	0	
Alexia	0	
Alexis	0	
Alexus	0	
Alice	10	
Alicia	0	
Alina	0	
Alisa	0	
Alisha	0	
Alison	0	
Alissa	0	
Alivia	0	
Aliyah	0	
Allie	0	
Allison	8	
Allyson	0	
Alma	0	
Alondra	0	
Alyson	0	
Alyssa	0	
Amanda	0	
Amara	0	
Amari	0	
Amaya	0	
Amber	0	
Amelia	403	
Amie	0	
Amira	0	
Amiyah	0	
Amy	0	
Ana	0	
Anahi	0	
Anastasia	63	
Andrea	0	
Angela	0	
Angelia	0	
Angelica	308	
Angelina	0	
Angelique	0	
Angie	375	
Anita	0	
Aniya	0	
Aniyah	0	
Ann	0	
Anna	220	
Annabelle	0	
Anne	0	
Annette	0	
Annie	0	
Annika	0	
Annmarie	0	
Antoinette	0	
Antonia	0	
Anya	0	
April	0	
Arabella	0	
Araceli	0	
Aria	0	
Ariana	0	
Arianna	0	
Ariel	0	
Ariella	0	
Arielle	0	
Arlene	0	
Arya	0	
Ashlee	0	
Ashleigh	0	
Ashley	0	
Ashlyn	0	
Ashlynn	0	
Ashton	0	
Asia	7	
Aspen	0	
Athena	0	
Aubree	0	
Aubrey	0	
Audra	0	
Audrey	57	
Aurora	601	
Autumn	0	
Ava	10	
Avery	0	
Ayla	0	
Bailey	0	
Barbara	38	
Baylee	0	
Beatrice	0	
Becky	19	
Belinda	22	
Bella	99	
Bernadette	0	
Bernice	0	
Bertha	0	
Bessie	0	
Beth	0	
Bethany	0	
Betsy	0	
Betty	20	
Beverly	6	
Bianca	0	
Billie	0	
Bitsy	0	
Blair	0	
Blanca	0	
Bobbi	0	
Bobbie	0	
Bonita	0	
Bonnie	9433	
Brandi	0	
Brandy	0	
Breanna	0	
Brenda	2252	
Brenna	0	
Briana	0	
Brianna	0	
Brianne	0	
Bridget	0	
Bridgette	0	
Brielle	0	
Britney	0	
Brittany	0	
Brittney	0	
Brooke	6045	
Brooklyn	69	
Brooklynn	0	
Bryanna	0	
Brynlee	0	
Brynn	0	
Cadence	0	
Caitlin	0	
Caitlyn	0	
Cali	0	
Callie	0	
Camila	0	
Camilla	0	
Camille	0	
Camryn	0	
Candace	0	
Candice	71	
Candy	0	
Cara	0	
Carissa	0	
Carla	1	
Carlita	0	
Carly	0	
Carol	258	
Carole	0	
Carolina	2	
Caroline	19	
Carolyn	0	
Carrie	5	
Cassandra	0	
Cassidy	0	
Cassie	0	
Catalina	0	
Catherine	357	
Cathleen	0	
Cathy	0	
Cecelia	0	
Cecilia	8	
Celeste	0	
Celia	0	
Chanel	0	
Charity	0	
Charlee	0	
Charlene	0	
Charlotte	0	
Chasity	0	
Chelsea	0	
Chelsey	0	
Cheri	0	
Cherie	0	
Cheryl	231	
Chloe	0	
Christa	0	
Christi	0	
Christie	207	
Christina	0	
Christine	0	
Christy	0	
Ciara	0	
Cierra	0	
Cindy	0	
Claire	3	
Clara	303	
Clare	0	
Clarissa	0	
Claudia	0	
Colette	0	
Colleen	0	
Connie	196	
Constance	0	
Cora	47	
Corinne	0	
Cortney	0	
Courtney	0	
Cristina	0	
Crystal	0	
Cynthia	0	
Daisy	4	
Daniela	0	
Daniella	0	
Danielle	0	
Danna	0	
Daphne	0	
Darcy	0	
Darla	0	
Darlene	0	
Dawn	0	
Deana	0	
Deanna	0	
Debbie	0	
Debora	0	
Deborah	146	
Debra	0	
Delia	4	
Delilah	0	
Della	0	
Delores	0	
Deloris	0	
Dena	0	
Denise	44	
Desiree	0	
Destinee	0	
Destiny	0	
Devin	0	
Devon	0	
Diamond	0	
Diana	0	
Diane	0	
Dianna	0	
Dianne	0	
Dina	0	
Dixie	0	
Dolores	1	
Dominique	0	
Donna	157	
Dora	0	
Doreen	0	
Doris	65	
Dorothy	0	
Dove	0	
Dulce	0	
Ebony	0	
Eden	0	
Edith	0	
Edna	0	
Eileen	0	
Elaina	0	
Elaine	24	
Eleanor	0	
Elena	0	
Eliana	0	
Elisa	0	
Elisabeth	0	
Elise	0	
Elissa	0	
Eliza	1	
Elizabeth	560	
Ella	14	
Elle	0	
Ellen	123	
Elliana	0	
Ellie	6	
Eloise	314	
Elsa	0	
Elsie	0	
Elyse	0	
Ember	0	
Emely	0	
Emerson	0	
Emery	0	
Emilee	0	
Emilia	135	
Emilie	0	
Emily	389	
Emma	5	
Erica	0	
Ericka	0	
Erika	0	
Erin	182	
Ernestine	0	
Esmeralda	0	
Estella	0	
Esther	13	
Ethel	2	
Eunice	0	
Eva	38	
Evangeline	174	
Eve	15664	
Evelyn	35	
Everly	0	
Faith	6	
Fatima	0	
Faye	0	
Felicia	0	
Fernanda	0	
Finley	0	
Fiona	1	
Flora	0	
Florence	0	
Frances	0	
Francesca	314	
Francine	311	
Fumaro	0	
Gabriela	0	
Gabriella	0	
Gabrielle	0	
Gail	0	
Gayle	57	
Gemma	0	
Genesis	0	
Geneva	0	
Genevieve	0	
Georgia	0	
Geraldine	0	
Gertrude	74	
Gia	0	
Gianna	0	
Gilly	0	
Gina	0	
Ginger	0	
Giovanna	0	
Giselle	0	
Gladys	3	
Glenda	71	
Gloria	0	
Grace	4	
Gracie	0	
Greta	21	
Gretchen	0	
Guadalupe	0	
Gwen	0	
Gwendolyn	0	
Hadley	0	
Hailey	0	
Hallie	0	
Hanna	0	
Hannah	109	
Harley	0	
Harmony	0	
Harper	104	
Harriet	0	
Hattie	0	
Haven	0	
Haylee	0	
Hayley	0	
Hazel	6	
Heather	0	
Heaven	0	
Heidi	0	
Helen	136	
Helena	0	
Hilary	0	
Hilda	0	
Hillary	0	
Hollie	0	
Holly	7	
Hope	2	
Ida	192	
Imani	0	
India	0	
Ingrid	0	
Irene	937	
Iris	0	
Irma	0	
Isabel	0	
Isabella	0	
Isabelle	22	
Isla	0	
Itzel	0	
Ivy	2	
Izabella	0	
Jackie	0	
Jaclyn	0	
Jacqueline	0	
Jacquelyn	0	
Jada	0	
Jade	0	
Jaime	0	
Jami	0	
Jamie	0	
Jan	0	
Jana	7	
Janae	0	
Jane	12	
Janelle	0	
Janet	0	
Janette	0	
Janice	0	
Janie	0	
Janine	0	
Janis	38	
Jankalo	0	
Jasmin	0	
Jasmine	21	
Jayda	0	
Jayden	0	
Jayla	0	
Jayne	0	
Jazmin	0	
Jazmine	0	
Jean	0	
Jeanette	0	
Jeanine	0	
Jeanne	0	
Jeannette	0	
Jeannie	0	
Jeannine	0	
Jenifer	0	
Jenna	0	
Jennie	0	
Jennifer	69	
Jenny	0	
Jeri	0	
Jessica	1751	
Jessie	0	
Jewel	0	
Jill	3	
Jillian	2268	
Jo	0	
Joan	541	
Joann	0	
Joanna	0	
Joanne	0	
Jocelyn	0	
Jodi	0	
Jodie	0	
Jody	0	
Johanna	0	
Jolene	0	
Joni	0	
Jordyn	0	
Joselyn	0	
Josephine	0	
Josie	0	
Journey	0	
Joy	118	
Joyce	30	
Juanita	0	
Judith	0	
Judy	0	
Julia	0	
Juliana	0	
Julianna	0	
Julianne	0	
Julie	377	
Juliet	0	
Juliette	0	
Julissa	0	
June	0	
Justine	0	
Kailey	0	
Kaitlin	0	
Kaitlyn	0	
Kali	0	
Kamila	0	
Kamryn	0	
Kara	0	
Karen	117	
Kari	0	
Karin	0	
Karina	0	
Karissa	0	
Karla	0	
Kasey	0	
Kassandra	0	
Kassidy	0	
Kate	0	
Katelyn	0	
Katelynn	0	
Katharine	0	
Katherine	0	
Kathleen	0	
Kathryn	0	
Kathy	29	
Katie	4	
Katlyn	0	
Katrina	0	
Katy	0	
Kay	19	
Kaydence	0	
Kayla	8	
Kaylee	0	
Kayleigh	0	
Kaylie	0	
Kaylin	0	
Keira	0	
Keisha	0	
Kelli	0	
Kellie	0	
Kelsie	0	
Kendra	0	
Kenya	0	
Kenzie	0	
Keri	0	
Kerri	61	
Khloe	0	
Kiana	0	
Kiara	0	
Kiera	0	
Kiley	0	
Kim	0	
Kimberlee	0	
Kimberley	0	
Kimberly	262	
Kinley	0	
Kinsley	0	
Kira	67	
Kirsten	0	
Krista	0	
Kristen	0	
Kristi	0	
Kristie	0	
Kristin	0	
Kristina	0	
Kristine	0	
Kristy	0	
Krystal	0	
Kyla	0	
Kylee	0	
Kyleigh	0	
Kylie	0	
Kyra	0	
Lacey	429	
Lacy	0	
Ladonna	0	
Laila	0	
Lana	0	
Lara	0	
Larissa	0	
Latasha	0	
Latisha	0	
Latonya	0	
Latoya	0	
Laura	0	
Laurel	0	
Lauren	128	
Laurie	0	
Laurina	0	
Lauryn	0	
Layla	0	
Lea	0	
Leah	0	
Leann	0	
Leanna	0	
Leanne	0	
Leigh	0	
Leila	0	
Leilani	0	
Lena	0	
Lenora	0	
Leona	0	
Lesley	442	
Leslie	0	
Leticia	0	
Lexi	0	
Lia	0	
Liana	0	
Lila	9	
Lilah	0	
Lilian	0	
Liliana	0	
Lillian	1	
Lilliana	0	
Lillie	0	
Lilly	50	
Lily	8	
Linda	174	
Lindsay	0	
Lisa	167	
Lizbeth	0	
Lois	0	
Lola	70	
London	10	
Londyn	0	
Lora	0	
Lorena	0	
Loretta	6	
Lori	0	
Lorie	0	
Lorilee	0	
Lorna	0	
Lorraine	2	
Louise	465	
Lucia	5	
Lucille	0	
Lucinda	0	
Lucy	39	
Lula	943	
Luna	0	
Luz	0	
Lydia	30	
Lyla	0	
Lynda	0	
Lynette	0	
Lynn	0	
Lynne	0	
Lyric	0	
Mabel	940	
Macey	0	
Maci	0	
Macie	0	
Macy	0	
Madalyn	0	
Maddison	0	
Madeleine	8	
Madeline	0	
Madelyn	0	
Madelynn	0	
Madilyn	0	
Madisyn	0	
Mae	4	
Maeve	0	
Maggie	0	
Makayla	0	
Makenna	0	
Malia	0	
Mandy	0	
Mango	0	
Mara	0	
Marcella	0	
Marcia	0	
Marcy	0	
Margaret	0	
Margarita	0	
Margie	0	
Margo	0	
Margot	0	
Marguerite	0	
Maria	0	
Mariah	0	
Marian	0	
Mariana	0	
Marianne	0	
Maribel	0	
Marie	0	
Marilyn	0	
Marina	0	
Marion	0	
Marisa	0	
Marisol	0	
Marissa	0	
Maritza	0	
Marjorie	0	
Marla	0	
Marlene	0	
Marley	0	
Marsha	0	
Martha	320	
Mary	3	
Maryann	0	
Mattie	126	
Maura	0	
Maureen	28	
Mavis	1353	
Maxie	0	
Maxine	1	
Maya	0	
Maybeline	0	
Mayra	0	
Meagan	0	
Megan	0	
Meghan	0	
Melanie	0	
Melina	0	
Melinda	0	
Melisa	0	
Melissa	0	
Melody	0	
Mercedes	0	
Meredith	0	
Mia	33	
Michaela	0	
Michele	0	
Michelle	5	
Mikaela	0	
Mikayla	0	
Mila	0	
Mildred	0	
Millie	781	
Mindy	0	
Minnie	0	
Miracle	0	
Miranda	80	
Miriam	9	
Misty	0	
Mollie	0	
Molly	0	
Mona	0	
Monica	2	
Monique	0	
Mya	0	
Myla	0	
Myra	0	
Myrna	0	
Nadia	0	
Nadine	1655	
Nan	0	
Nancy	4291	
Naomi	0	
Natalia	0	
Natalie	50	
Natasha	0	
Nathalie	0	
Nayeli	0	
Nellie	0	
Nevaeh	0	
Nia	0	
Nichole	0	
Nicole	0	
Nikki	0	
Nina	0	
Noelle	272	
Noemi	0	
Nora	0	
Norah	0	
Norma	0	
Noura	0	
Nova	1	
Nyla	0	
Octavia	0	
Olga	0	
Olive	26	
Olivia	0	
Omran	0	
Paige	0	
Pam	0	
Pamela	0	
Paola	0	
Paris	7	
Parker	0	
Patrice	0	
Patricia	0	
Patsy	0	
Patti	0	
Patty	0	
Paula	48	
Paulette	0	
Paulina	0	
Pauline	0	
Payton	0	
Pearl	0	
Peggy	22	
Penelope	0	
Penny	0	
Perla	0	
Philippa	0	
Phoebe	0	
Phyllis	0	
Piper	2	
Poley	0	
Polly	0	
Precious	0	
Priscilla	0	
Quinn	0	
Rachael	0	
Rachel	3492	
Rachelle	0	
Raegan	0	
Raelynn	0	
Ramona	0	
Randi	0	
Raquel	0	
Raven	0	
Rebecca	4	
Rebekah	0	
Regina	50	
Remi	0	
Rena	0	
Rene	0	
Renee	0	
Reyna	0	
Rhonda	0	
Rita	0	
Roberta	0	
Robin	0	
Robyn	0	
Rochelle	119	
Ronda	0	
Rosa	0	
Rosalie	97	
Rosalind	0	
Rosalyn	0	
Roscoe	0	
Rosemarie	0	
Rosemary	0	
Rosie	477	
Roxanne	0	
Ruby	1394	
Ruiz	0	
Ruth	0	
Rylee	0	
Ryleigh	0	
Rylie	0	
Sabrina	0	
Sadie	0	
Sage	0	
Sails	0	
Sally	3958	
Samantha	183	
Samara	0	
Sandra	62	
Sandy	0	
Sara	3	
Sarah	615	
Sarai	0	
Sasha	5	
Savanna	0	
Savannah	0	
Scarlett	0	
Selena	0	
Selina	0	
Serena	0	
Serenity	0	
Shana	0	
Shanna	0	
Shari	0	
Sharon	82	
Shauna	733	
Shawn	0	
Shawna	0	
Shayla	0	
She	160536	
Sheena	0	
Sheila	1192	
Shelby	0	
Shelia	0	
Sheri	0	
Sherri	0	
Sherrie	0	
Sherrilyn	0	
Sherry	63	
Sheryl	0	
Shirley	2	
Sienna	0	
Sierra	0	
Silvia	0	
Simone	0	
Sissy	0	
Sloane	0	
Sofia	16	
Sondra	0	
Sonia	0	
Sonja	13	
Sonya	0	
Sophia	0	
Sophie	20431	
Stacey	0	
Staci	0	
Stacie	0	
Stacy	0	
Stefanie	0	
Stella	41	
Stephanie	8	
Sue	52	
Summer	5	
Susan	435	
Susana	0	
Susanne	0	
Susie	0	
Suzanne	2	
Sylvia	0	
Tabatha	0	
Tabitha	121	
Talia	0	
Tamara	0	
Tami	0	
Tamika	0	
Tammie	0	
Tammy	0	
Tania	0	
Tanisha	0	
Tansy	0	
Tanya	0	
Tara	0	
Taryn	0	
Tasha	0	
Tatiana	0	
Taylor	0	
Teresa	14	
Teri	0	
Terri	0	
Terrie	0	
Tessa	0	
Thelma	224	
Theresa	0	
Therese	0	
Tia	0	
Tiana	0	
Tiara	0	
Tiffany	8	
Tina	16	
Toni	0	
Tonia	0	
Tonya	0	
Tori	0	
Traci	505	
Tracie	0	
Tricia	0	
Trina	2	
Trinity	0	
Trisha	0	
Trudy	0	
Tyler	0	
Valarie	0	
Valentina	0	
Valeria	0	
Valerie	0	
Vanessa	0	
Velma	64	
Vera	0	
Verna	0	
Veronica	177	
Vi	0	
Vicki	0	
Vickie	0	
Vicky	12	
Victoria	0	
Viola	0	
Violet	0	
Virginia	127	
Vivian	0	
Viviana	0	
Vivienne	0	
Vonnie	0	
Wanda	61	
Wendy	0	
Whitney	1107	
Willa	0	
Willow	11	
Wilma	0	
Ximena	0	
Yasmin	0	
Yesenia	0	
Yolanda	0	
Yvette	0	
Yvonne	54	
Zara	0	
Zoe	0	
Zoey	0	
aunt	112	
auntie	0	
damsel	0	
daughter	338	
female	868	
gal	0	
girl	318	
lady	264	
lassie	0	
ma	0	
madam	0	
mama	35	
matron	0	
miss	297	
missus	0	
mistress	1	
mom	83	
mommy	0	
mother	2010	
niece	20	
she	216994	
sister	113	
waitress	161	
whore	29	
wife	192	
woman	2752	
Cris		
hostess		
grandmother		
