Word,Likely Mispronunciation,Reason for Difficulty
"The","Zee / Dee","Russian has no 'th' sounds; voiced 'th' (/ð/) is often replaced by /z/ or /d/."
"Think","Sink / Tink","Russian has no 'th' sounds; unvoiced 'th' (/θ/) is often replaced by /s/ or /t/."
"Water","Vater","The English 'w' sound (/w/) does not exist in Russian and is often replaced by 'v' (/v/)."
"Very","Wery","Sometimes 'v' is overcorrected to 'w' as an inverse of the 'w'/'v' confusion."
"Happy","Khappy / Gappy","The soft English 'h' sound does not exist in Russian and is often replaced by a harsher 'kh' or 'g' sound."
"Bat","Bet","Russian lacks the open 'a' (/æ/) vowel, often substituting it with the 'e' (/ɛ/) sound."
"Bad","Bat","Russian devoices final consonants; 'd' at the end is often pronounced as 't'."
"Ship","Sheep","Russian doesn't differentiate between some long and short vowels (e.g., /ɪ/ vs /iː/)."
"Feet","Fit","Confusion between long 'ee' (/iː/) and short 'i' (/ɪ/) vowels."
"Work","Wark / Verk","Difficulty with the English 'r' sound and the specific vowel sound (/ɜːr/ or /ɝ/)."
"Girl","Gurl / Girrl","Difficulty with the English 'r' sound and the vowel-r combination."
"Go","Guh / Go-oo","Difficulty with the English 'oh' (/oʊ/) diphthong (double vowel sound), often shortened to a single vowel."
"Sing","Sing-g / Sink","Difficulty with the final 'ng' sound (/ŋ/), often adding a hard 'g' or replacing with 'nk'."
"Strength","Streng-kt","Difficult consonant cluster 'ngth' and 'str'."
"Rural","Roo-ral / Rur-ral","Challenging combination of multiple English 'r' and 'l' sounds."
"Unbelievable","UNbelievable","Incorrect word stress placement (on the wrong syllable)."
